{
  "locations": [
    {"name": "Alexandra Hospital Ingersoll", "address": "29 Noxon St, Ingersoll, N5C 1B8"},
    {"name": "Almonte General Hospital", "address": "75 Spring St, Almonte, K0A 1A0"},
    {"name": "Arnprior Regional Health", "address": "350 John St N, Arnprior, K7S 2P6"},
    {"name": "Atikokan General Hospital", "address": "120 Dorothy St, Atikokan, P0T 1C0"},
    {"name": "Attawapiskat Hospital", "address": "1 Health Care Lane, Attawapiskat, P0L 1A0"},
    {"name": "Bancroft - Quinte Health North Hastings Hospital", "address": "1H Manor Lane, Bancroft, K0L 1C0"},
    {"name": "Barry's Bay - St. Francis Memorial Hospital", "address": "7 St. Francis Memorial Dr, Barry's Bay, K0J 1B0"},
    {"name": "Baycrest Hospital", "address": "3560 Bathurst St, Toronto, M6A 2E1"},
    {"name": "Bingham Memorial Hospital", "address": "507 8th Ave, Matheson, P0K 1N0"},
    {"name": "Blanche River Health - Englehart Site", "address": "61 5th Ave, Englehart, P0J 1H0"},
    {"name": "Bluewater Health - Charlotte Eleanor Englehart Site", "address": "450 Blanche St, Petrolia, N0N 1R0"},
    {"name": "Bluewater Health - Sarnia Site", "address": "89 Norman St, Sarnia, N7T 6S3"},
    {"name": "Bracebridge - South Muskoka Memorial Hospital", "address": "75 Ann St, Bracebridge, P1L 2E4"},
    {"name": "Brantford General Hospital", "address": "200 Terrace Hill St, Brantford, N3R 1G9"},
    {"name": "Brightshores Health System - Lion's Head", "address": "22 Moore St, Lion's Head, N0H 1W0"},
    {"name": "Brightshores Health System - Markdale", "address": "220 Toronto St S, Markdale, N0C 1H0"},
    {"name": "Brightshores Health System - Meaford", "address": "229 Nelson St W, Meaford, N4L 1A3"},
    {"name": "Brightshores Health System - Owen Sound", "address": "1800 8th St E, Owen Sound, N4K 6M9"},
    {"name": "Brightshores Health System - Southampton", "address": "340 High St, Southampton, N0H 2L0"},
    {"name": "Brightshores Health System - Wiarton", "address": "369 Mary St, Wiarton, N0H 2T0"},
    {"name": "Brockville General Hospital - Charles St Site", "address": "75 Charles St, Brockville, K6V 1S8"},
    {"name": "Bruyère Health - Saint-Vincent Hospital", "address": "60 Cambridge St N, Ottawa, K1R 7A5"},
    {"name": "Bruyère Health - Élisabeth Bruyère Hospital", "address": "43 Bruyère St, Ottawa, K1N 5C8"},
    {"name": "Centre for Addiction and Mental Health (CAMH) - College St Site", "address": "250 College St, Toronto, M5T 1R8"},
    {"name": "Centre for Addiction and Mental Health (CAMH) - Queen St Site", "address": "1001 Queen St W, Toronto, M6J 1H4"},
    {"name": "Children's Hospital of Eastern Ontario (CHEO)", "address": "401 Smyth Rd, Ottawa, K1H 8L1"},
    {"name": "Cambridge Memorial Hospital", "address": "700 Coronation Blvd, Cambridge, N1R 3G2"},
    {"name": "Campbellford Memorial Hospital", "address": "146 Oliver Rd, Campbellford, K0L 1L0"},
    {"name": "Carleton Place & District Memorial Hospital", "address": "211 Lake Ave E, Carleton Place, K7C 1J4"},
    {"name": "Casey House Hospital", "address": "119 Isabella St, Toronto, M4Y 1P2"},
    {"name": "Chapleau Health Services", "address": "6 Broomhead Rd, Chapleau, P0M 1K0"},
    {"name": "Chatham-Kent Health Alliance - Chatham Site", "address": "80 Grand Ave W, Chatham, N7L 1B7"},
    {"name": "Chatham-Kent Health Alliance - Wallaceburg Site", "address": "325 Margaret Ave, Wallaceburg, N8A 2A7"},
    {"name": "Clinton Public Hospital", "address": "98 Shipley St, Clinton, N0M 1L0"},
    {"name": "Collingwood General and Marine Hospital", "address": "459 Hume St, Collingwood, L9Y 1W9"},
    {"name": "Cornwall Community Hospital - McConnell Site", "address": "840 McConnell Ave, Cornwall, K6H 5S5"},
    {"name": "Deep River and District Health", "address": "117 Banting Dr, Deep River, K0J 1P0"},
    {"name": "Dryden Regional Health Centre", "address": "58 Goodall St, Dryden, P8N 2Z6"},
    {"name": "Dunnville - Haldimand War Memorial Hospital", "address": "400 Broad St W, Dunnville, N1A 2P7"},
    {"name": "Elliot Lake - St. Joseph's General Hospital", "address": "70 Spine Rd, Elliot Lake, P5A 1X2"},
    {"name": "Erie Shores HealthCare", "address": "194 Talbot St W, Leamington, N8H 1N9"},
    {"name": "Espanola General Hospital", "address": "822 Centre St, Espanola, P5E 1J3"},
    {"name": "Exeter - South Huron Hospital", "address": "24 Huron St W, Exeter, N0M 1S2"},
    {"name": "Fort Albany Hospital", "address": "1 Hospital Rd, Fort Albany, P0L 1H0"},
    {"name": "Fort Frances La Verendrye Hospital", "address": "110 Victoria Ave, Fort Frances, P9A 2B7"},
    {"name": "Georgian Bay General Hospital", "address": "1112 St. Andrew's Dr, Midland, L4R 4P4"},
    {"name": "Geraldton District Hospital", "address": "500 Hogarth Ave W, Geraldton, P0T 1M0"},
    {"name": "Goderich - Alexandra Marine and General Hospital", "address": "120 Napier St, Goderich, N7A 1W5"},
    {"name": "Grand River Hospital (GRH) - Freeport Campus", "address": "3570 King St E, Kitchener, N2A 2W1"},
    {"name": "Grand River Hospital (GRH) - KW Campus", "address": "835 King St W, Kitchener, N2G 1G3"},
    {"name": "Grimsby - West Lincoln Memorial Hospital", "address": "169 Main St E, Grimsby, L3M 1P3"},
    {"name": "Groves Memorial Community Hospital", "address": "131 Frederick Campbell St, Fergus, N1M 0H3"},
    {"name": "Guelph General Hospital", "address": "115 Delhi St, Guelph, N1E 4J4"},
    {"name": "Hagersville - West Haldimand General Hospital", "address": "75 Parkview Rd, Hagersville, N0A 1H0"},
    {"name": "Haliburton Highlands Health Services", "address": "7199 Gelert Rd, Haliburton, K0M 1S0"},
    {"name": "Halton Healthcare - Georgetown Hospital", "address": "1 Princess Anne Dr, Georgetown, L7G 2B8"},
    {"name": "Halton Healthcare - Milton District Hospital", "address": "7030 Derry Rd, Milton, L9T 7H6"},
    {"name": "Halton Healthcare - Oakville Trafalgar Memorial Hospital", "address": "3001 Hospital Gate, Oakville, L6M 0L8"},
    {"name": "Hamilton Health Sciences (HHS) - Hamilton General Hospital", "address": "237 Barton St E, Hamilton, L8L 2X2"},
    {"name": "Hamilton Health Sciences (HHS) - Juravinski Hospital", "address": "711 Concession St, Hamilton, L8V 1C3"},
    {"name": "Hamilton Health Sciences (HHS) - Main St West Urgent Care", "address": "690 Main St W, Hamilton, L8S 1A4"},
    {"name": "Hamilton Health Sciences (HHS) - McMaster University Medical Centre (MUMC)", "address": "1200 Main St W, Hamilton, L8N 3Z5"},
    {"name": "Hamilton Health Sciences (HHS) - St. Peter's Hospital", "address": "88 Maplewood Ave, Hamilton, L8M 1W9"},
    {"name": "Hanover and District Hospital", "address": "90 7th Ave, Hanover, N4N 1N1"},
    {"name": "Hawkesbury and District General Hospital", "address": "1111 Ghislain St, Hawkesbury, K6A 3G5"},
    {"name": "Headwaters Health Care Centre", "address": "100 Rolling Hills Dr, Orangeville, L9W 4X9"},
    {"name": "Health Sciences North - Ramsey Lake Health Centre", "address": "41 Ramsey Lake Rd, Sudbury, P3E 5J1"},
    {"name": "Health Sciences North - Sudbury Outpatient Centre", "address": "865 Regent St, Sudbury, P3E 3Y9"},
    {"name": "Hearst - Notre-Dame Hospital", "address": "1405 Edward St, Hearst, P0L 1N0"},
    {"name": "Holland Bloorview Kids Rehabilitation Hospital", "address": "150 Kilgour Rd, Toronto, M4G 1R8"},
    {"name": "Homewood Health Centre", "address": "150 Delhi St, Guelph, N1E 6K9"},
    {"name": "Hornepayne Community Hospital", "address": "278 Front St, Hornepayne, P0M 1Z0"},
    {"name": "Hotel Dieu Shaver Health and Rehabilitation Centre", "address": "541 Glenridge Ave, St. Catharines, L2T 4C2"},
    {"name": "Humber River Health - Wilson Site", "address": "1235 Wilson Ave, North York, M3M 0B2"},
    {"name": "Huron Perth Healthcare Alliance - St. Marys Memorial Hospital", "address": "267 Queen St W, St. Marys, N4X 1B6"},
    {"name": "Huron Perth Healthcare Alliance - Stratford General Hospital", "address": "46 General Hospital Dr, Stratford, N5A 2Y6"},
    {"name": "Hôpital Glengarry Memorial Hospital", "address": "20260 County Rd 43, Alexandria, K0C 1A0"},
    {"name": "Hôpital Montfort", "address": "713 Montreal Rd, Ottawa, K1K 0T2"},
    {"name": "Hôtel-Dieu Grace Healthcare", "address": "1453 Prince Rd, Windsor, N9C 3Z4"},
    {"name": "Iroquois Falls - Anson General Hospital", "address": "58 Anson Dr, Iroquois Falls, P0K 1E0"},
    {"name": "Joseph Brant Hospital", "address": "1245 Lakeshore Rd, Burlington, L7S 0A2"},
    {"name": "Kapuskasing - Sensenbrenner Hospital", "address": "101 Progress Cres, Kapuskasing, P5N 3H5"},
    {"name": "Kemptville District Hospital", "address": "2675 Concession Rd, Kemptville, K0G 1J0"},
    {"name": "Kenora - Lake of The Woods District Hospital", "address": "21 Sylvan St W, Kenora, P9N 3W7"},
    {"name": "Kincardine Site; South Bruce Grey Health Centre", "address": "1199 Queen St, Kincardine, N2Z 1G6"},
    {"name": "Kingston Health Sciences Centre - Hotel Dieu Hospital", "address": "166 Brock St, Kingston, K7L 5G2"},
    {"name": "Kingston Health Sciences Centre - Kingston General Hospital", "address": "76 Stuart St, Kingston, K7L 2V7"},
    {"name": "Kirkland Lake - Blanche River Health", "address": "145 Government Rd E, Kirkland Lake, P2N 3P4"},
    {"name": "Lady Dunn Health Centre", "address": "17 Government Rd, Wawa, P0S 1K0"},
    {"name": "Lady Minto Hospital - Cochrane", "address": "241 Eighth St, Cochrane, P0L 1C0"},
    {"name": "Lakeridge Health - Ajax Pickering Hospital", "address": "580 Harwood Ave S, Ajax, L1S 2J4"},
    {"name": "Lakeridge Health - Bowmanville Hospital", "address": "47 Liberty St S, Bowmanville, L1C 2N4"},
    {"name": "Lakeridge Health - Oshawa Hospital", "address": "1 Hospital Ct, Oshawa, L1G 2B9"},
    {"name": "Lakeridge Health - Port Perry Hospital", "address": "451 Paxton St, Port Perry, L9L 1L9"},
    {"name": "Lakeridge Health - Whitby Hospital", "address": "300 Gordon St, Whitby, L1N 5T2"},
    {"name": "Lennox and Addington County General Hospital", "address": "8 Richmond Park Dr, Napanee, K7R 2Z4"},
    {"name": "Listowel Memorial Hospital", "address": "255 Elizabeth St E, Listowel, N4W 2P5"},
    {"name": "London Health Sciences Centre - University Hospital", "address": "339 Windermere Rd, London, N6A 5A5"},
    {"name": "London Health Sciences Centre - Victoria Hospital", "address": "800 Commissioners Rd E, London, N6A 5W9"},
    {"name": "Mackenzie Health - Cortellucci Vaughan Hospital", "address": "3200 Major Mackenzie Dr W, Vaughan, L6A 4Z3"},
    {"name": "Mackenzie Health - Richmond Hill Hospital", "address": "10 Trench St, Richmond Hill, L4C 4Z3"},
    {"name": "Manitoulin Health Centre - Little Current Site", "address": "11 Meredith St, Little Current, P0P 1K0"},
    {"name": "Manitoulin Health Centre - Mindemoya Site", "address": "2120 Hwy 551, Mindemoya, P0P 1S0"},
    {"name": "Manitouwadge General Hospital", "address": "1 Health Care Cres, Manitouwadge, P0T 2C0"},
    {"name": "Mattawa Hospital", "address": "217 Turcotte Park Rd, Mattawa, P0H 1V0"},
    {"name": "Michael Garron Hospital (MGH)", "address": "825 Coxwell Ave, East York, M4C 3E7"},
    {"name": "Moose Factory - Weeneebayko Area Health Authority", "address": "19 Hospital Dr, Moose Factory, P0L 1W0"},
    {"name": "Muskoka Algonquin Healthcare - Huntsville District Memorial Hospital", "address": "100 Frank Miller Dr, Huntsville, P1H 1H7"},
    {"name": "New Liskeard - Temiskaming Hospital", "address": "421 Shepherdson Rd, New Liskeard, P0J 1P0"},
    {"name": "Newbury - Four Counties Health Services", "address": "1824 Concession Dr, Newbury, N0L 1Z0"},
    {"name": "Niagara Health - Fort Erie Urgent Care Centre", "address": "230 Bertie St, Fort Erie, L2A 1Z2"},
    {"name": "Niagara Health - Greater Niagara General Site", "address": "5546 Portage Rd, Niagara Falls, L2E 6X2"},
    {"name": "Niagara Health - Port Colborne Urgent Care Centre", "address": "260 Sugarloaf St, Port Colborne, L3K 2N7"},
    {"name": "Niagara Health - St. Catharines Site", "address": "1200 Fourth Ave, St. Catharines, L2S 0A9"},
    {"name": "Niagara Health - Welland County General Site", "address": "65 Third St, Welland, L3B 4W6"},
    {"name": "North Bay Regional Health Centre", "address": "50 College Dr, North Bay, P1B 5A4"},
    {"name": "North Shore Health Network - Blind River Site", "address": "525 Causley St, Blind River, P0R 1B0"},
    {"name": "North Shore Health Network - Richards Landing Site", "address": "1180 Richards St, Richards Landing, P0R 1J0"},
    {"name": "North Shore Health Network - Thessalon Site", "address": "221 Algoma St, Thessalon, P0R 1L0"},
    {"name": "North Wellington Health Care - Louise Marshall Hospital", "address": "630 Dublin St, Mount Forest, N0G 2L3"},
    {"name": "North Wellington Health Care - Palmerston and District Hospital", "address": "500 Whites Rd, Palmerston, N0G 2P0"},
    {"name": "North York General Hospital (NYGH) - Branson Ambulatory Care Centre", "address": "555 Finch Ave W, North York, M2R 1N5"},
    {"name": "North York General Hospital (NYGH) - General Site", "address": "4001 Leslie St, North York, M2K 1E1"},
    {"name": "North of Superior - McCausland Hospital", "address": "20B Cartier Rd, Terrace Bay, P0T 2W0"},
    {"name": "North of Superior - Wilson Memorial General Hospital", "address": "26 Peninsula Rd, Marathon, P0T 2E0"},
    {"name": "Northumberland Hills Hospital", "address": "1000 DePalma Dr, Cobourg, K9A 5W6"},
    {"name": "Oak Valley Health - Markham Stouffville Hospital", "address": "381 Church St, Markham, L3P 7P3"},
    {"name": "Oak Valley Health - Uxbridge Hospital", "address": "4 Campbell Dr, Uxbridge, L9P 1S4"},
    {"name": "Ontario Shores Centre for Mental Health Sciences", "address": "700 Victoria St W, Whitby, L1N 2K5"},
    {"name": "Orillia Soldiers' Memorial Hospital", "address": "170 Colborne St W, Orillia, L3V 2Z3"},
    {"name": "Pembroke Regional Hospital", "address": "705 Mackay St, Pembroke, K8A 1G8"},
    {"name": "Perth and Smiths Falls District Hospital - Perth Site", "address": "33 Drummond St W, Perth, K7H 2K1"},
    {"name": "Perth and Smiths Falls District Hospital - Smiths Falls Site", "address": "60 Cornelia St W, Smiths Falls, K7A 2H9"},
    {"name": "Peterborough Regional Health Centre", "address": "1 Hospital Dr, Peterborough, K9J 7C6"},
    {"name": "Providence Care Hospital", "address": "752 King St W, Kingston, K7L 4X3"},
    {"name": "Queensway Carleton Hospital", "address": "3045 Baseline Rd, Ottawa, K2H 8P4"},
    {"name": "Quinte Health - Belleville General Hospital", "address": "265 Dundas St E, Belleville, K8N 5A9"},
    {"name": "Quinte Health - Prince Edward County Memorial", "address": "403 Main St E, Picton, K0K 2T0"},
    {"name": "Quinte Health - Trenton Memorial Hospital", "address": "242 King St, Trenton, K8V 5S6"},
    {"name": "Red Lake Margaret Cochenour Memorial Hospital", "address": "51 Hwy 105, Red Lake, P0V 2M0"},
    {"name": "Renfrew Victoria Hospital", "address": "499 Raglan St N, Renfrew, K7V 1P6"},
    {"name": "Riverside Health Care - Emo Health Centre", "address": "170 Front St, Emo, P0W 1E0"},
    {"name": "Riverside Health Care - Rainy River Health Centre", "address": "115 4th St, Rainy River, P0W 1L0"},
    {"name": "Ross Memorial Hospital", "address": "10 Angeline St N, Lindsay, K9V 4M8"},
    {"name": "Royal Ottawa Mental Health Centre", "address": "1145 Carling Ave, Ottawa, K1Z 7K4"},
    {"name": "Royal Victoria Regional Health Centre", "address": "201 Georgian Dr, Barrie, L4M 6M2"},
    {"name": "Runnymede Healthcare Centre", "address": "625 Runnymede Rd, Toronto, M6S 3A3"},
    {"name": "Sault Area Hospital", "address": "750 Great Northern Rd, Sault Ste. Marie, P6B 0A3"},
    {"name": "Scarborough Health Network (SHN)- Birchmount Hospital", "address": "3030 Birchmount Rd, Scarborough, M1W 3W3"},
    {"name": "Scarborough Health Network (SHN) - Centenary Hospital", "address": "2867 Ellesmere Rd, Scarborough, M1E 4B9"},
    {"name": "Scarborough Health Network (SHN) - General Hospital", "address": "3050 Lawrence Ave E, Scarborough, M1P 2V5"},
    {"name": "Seaforth Community Hospital", "address": "24 Centennial Dr, Seaforth, N0K 1W0"},
    {"name": "Simcoe - Norfolk General Hospital", "address": "365 West St, Simcoe, N3Y 1T7"},
    {"name": "Sinai Health - Hennick Bridgepoint Hospital", "address": "1 Bridgepoint Dr, Toronto, M4M 2B5"},
    {"name": "Sinai Health - Mount Sinai Hospital", "address": "600 University Ave, Toronto, M5G 1X5"},
    {"name": "Sioux Lookout - Meno Ya Win Health Centre", "address": "1 Meno Ya Win Way, Sioux Lookout, P8T 1B4"},
    {"name": "Smooth Rock Falls Hospital", "address": "107 Kelly Rd, Smooth Rock Falls, P0L 2B0"},
    {"name": "South Bruce Grey Health Centre (SBGHC) - Chesley", "address": "39 2nd St SE, Chesley, N0G 1L0"},
    {"name": "South Bruce Grey Health Centre (SBGHC) - Durham", "address": "320 College St, Durham, N0G 1R0"},
    {"name": "South Bruce Grey Health Centre (SBGHC) - Walkerton", "address": "21 McGivern St W, Walkerton, N0G 2V0"},
    {"name": "Southlake Regional Health Centre", "address": "596 Davis Dr, Newmarket, L3Y 2P9"},
    {"name": "Southwest Centre for Forensic Mental Health Care", "address": "401 Sunset Dr, St. Thomas, N5P 3V9"},
    {"name": "St. Joseph's Care Group - Lakehead Psychiatric Hospital", "address": "580 Algoma St N, Thunder Bay, P7A 8C5"},
    {"name": "St. Joseph's Care Group - St. Joseph's Hospital", "address": "35 Algoma St N, Thunder Bay, P7B 5G7"},
    {"name": "St. Joseph's Health Care London - Parkwood Institute", "address": "550 Wellington Rd S, London, N6C 0A7"},
    {"name": "St. Joseph's Health Care London - St. Joseph's Hospital", "address": "268 Grosvenor St, London, N6A 4V2"},
    {"name": "St. Joseph's Healthcare Hamilton - Charlton Campus", "address": "50 Charlton Ave E, Hamilton, L8N 4A6"},
    {"name": "St. Joseph's Healthcare Hamilton - King Campus UCC", "address": "2757 King St E, Hamilton, L8G 5E4"},
    {"name": "St. Joseph's Healthcare Hamilton - West 5th Campus", "address": "100 West 5th St, Hamilton, L9C 0E3"},
    {"name": "St. Mary's General Hospital", "address": "911 Queen's Blvd, Kitchener, N2M 1B2"},
    {"name": "St. Thomas Elgin General Hospital", "address": "189 Elm St, St. Thomas, N5R 5C4"},
    {"name": "Stevenson Memorial Hospital", "address": "200 Fletcher Cres, Alliston, L9R 1W7"},
    {"name": "Strathroy Middlesex General Hospital", "address": "395 Carrie St, Strathroy, N7G 3J4"},
    {"name": "Sturgeon Falls - West Nipissing General Hospital", "address": "725 chemin Coursol Rd, Sturgeon Falls, P2B 2Y6"},
    {"name": "Sunnybrook Health Sciences Centre (SHSC) - Holland Orthopaedic & Arthritic Centre", "address": "43 Wellesley St E, Toronto, M4Y 1H1"},
    {"name": "Sunnybrook Health Sciences Centre (SHSC) - St. John's Rehab", "address": "285 Cummer Ave, Toronto, M2M 2G1"},
    {"name": "Sunnybrook Health Sciences Centre (SHSC) - Bayview Campus", "address": "2075 Bayview Ave, Toronto, M4N 3M5"},
    {"name": "The Hospital for Sick Children (SickKids)", "address": "555 University Ave, Toronto, M5G 1X8"},
    {"name": "The Ottawa Hospital - Civic Campus", "address": "1053 Carling Ave, Ottawa, K1Y 4E9"},
    {"name": "The Ottawa Hospital - General Campus", "address": "501 Smyth Rd, Ottawa, K1H 8L6"},
    {"name": "The Ottawa Hospital - Riverside Campus", "address": "1967 Riverside Dr, Ottawa, K1H 7W9"},
    {"name": "The Willett Hospital", "address": "238 Grand River St N, Paris, N3L 2N7"},
    {"name": "Thunder Bay Regional Health Sciences Centre", "address": "980 Oliver Rd, Thunder Bay, P7B 6V4"},
    {"name": "Tillsonburg District Memorial Hospital", "address": "167 Rolph St, Tillsonburg, N4G 3Y9"},
    {"name": "Timmins and District Hospital", "address": "700 Ross Ave E, Timmins, P4N 8P2"},
    {"name": "Toronto Grace Health Centre", "address": "650 Church St, Toronto, M4Y 2G5"},
    {"name": "Trillium Health Partners (THP) - Credit Valley Hospital", "address": "2200 Eglinton Ave W, Mississauga, L5M 2N1"},
    {"name": "Trillium Health Partners (THP) - Mississauga Hospital", "address": "100 Queensway W, Mississauga, L5B 1B8"},
    {"name": "Trillium Health Partners (THP) - Queensway Health Centre", "address": "150 Sherway Dr, Etobicoke, M9C 1A5"},
    {"name": "Unity Health Toronto - Providence Healthcare", "address": "3276 St Clair Ave E, Toronto, M1L 1W1"},
    {"name": "Unity Health Toronto - St. Joseph's Health Centre", "address": "30 The Queensway, Toronto, M6R 1B5"},
    {"name": "Unity Health Toronto - St. Michael's Hospital", "address": "30 Bond St, Toronto, M5B 1W8"},
    {"name": "University Health Network (UHN) - Bickle Centre", "address": "130 Dunn Ave, Toronto, M6K 2R7"},
    {"name": "University Health Network (UHN) - Princess Margaret Cancer Centre", "address": "610 University Ave, Toronto, M5G 2M9"},
    {"name": "University Health Network (UHN) - Toronto General Hospital (TGH)", "address": "200 Elizabeth St, Toronto, M5G 2C4"},
    {"name": "University Health Network (UHN) - Toronto Rehabilitation Institute (TRI)", "address": "550 University Ave, Toronto, M5G 2A2"},
    {"name": "University Health Network (UHN) - Toronto Western Hospital (TWH)", "address": "399 Bathurst St, Toronto, M5T 2S8"},
    {"name": "Waypoint Centre for Mental Health Care", "address": "500 Lafontaine Rd W, Penetanguishene, L9M 1G3"},
    {"name": "West Parry Sound Health Centre", "address": "6 Albert St, Parry Sound, P2A 3A4"},
    {"name": "William Osler Health System (WOHS) - Peel Memorial Centre UCC", "address": "20 Lynch St, Brampton, L6W 2Z8"},
    {"name": "William Osler Health System (WOHS) - Brampton Civic Hospital", "address": "2100 Bovaird Dr E, Brampton, L6R 3J7"},
    {"name": "William Osler Health System - Etobicoke General Hospital", "address": "101 Humber College Blvd, Etobicoke, M9V 1R8"},
    {"name": "Winchester District Memorial Hospital", "address": "566 Louise St, Winchester, K0C 2K0"},
    {"name": "Windsor Regional Hospital (WRH) - Met Campus", "address": "1995 Lens Ave, Windsor, N8W 1L9"},
    {"name": "Windsor Regional Hospital (WRH) - Ouellette Campus", "address": "1030 Ouellette Ave, Windsor, N9A 1E1"},
    {"name": "Wingham and District Hospital", "address": "270 Carling Terrace, Wingham, N0G 2W0"},
    {"name": "Women's College Hospital (WCH)", "address": "76 Grenville St, Toronto, M5S 1B2"},
    {"name": "Woodstock Hospital", "address": "310 Juliana Dr, Woodstock, N4V 0A4"}
  ]
}